----------------------------------------------------------------------------------------------------
-- 연습 테이블에 정보 입력
----------------------------------------------------------------------------------------------------

--------------------------------------------------
-- 고객 테이블
--------------------------------------------------

DELETE FROM TB_CUSTOMER;
INSERT INTO TB_CUSTOMER VALUES ('2017042','강원진','M','19810603','002-8202-8790','wjgang@navi.com',280300, '20170123132432');
INSERT INTO TB_CUSTOMER VALUES ('2017053','나경숙','W','19891225','002-4509-0043','ksna#boram.co.kr',4500,  '20170210180930');
INSERT INTO TB_CUSTOMER VALUES ('2017108','박승대','M','19711430','','sdpark@haso.com',23450,  '20170508203450');
INSERT INTO TB_CUSTOMER VALUES ('2018087','서유리','W','19810925','003-1265-8372','urseo@epnt.co.kr',18700, '20180204160903');
INSERT INTO TB_CUSTOMER VALUES ('2018254','이혜옥','W','19839012','003_1287_9734','hylee@hansoft.com',570,  '20180619230805');
INSERT INTO TB_CUSTOMER VALUES ('2019001','김진숙','W','20010426','002-9842-0074','jskim$dreami,org',12820, '20190101080518');
INSERT INTO TB_CUSTOMER VALUES ('2019069','김한길','M','1992 315','','hkkim@ssoya.com',15320,  '20190217110704');
INSERT INTO TB_CUSTOMER VALUES ('2019095','남궁소망','M','19620728','003-6273-8539','',890,'20190312124558');
INSERT INTO TB_CUSTOMER VALUES ('2019167','한찬희','M','19711106','002=1202=5563','chhan@ecom.co.kr',6800,  '20190508155600');
INSERT INTO TB_CUSTOMER VALUES ('2019281','이아름','W','19940513','003-2620-0723','aulee@hoki.com',35600,   '20190709201308');

--------------------------------------------------
-- 추가 고객 테이블
--------------------------------------------------

DELETE FROM TB_ADD_CUSTOMER;
INSERT INTO TB_ADD_CUSTOMER VALUES ('2017108','박승대','M','19711430','002-2580-9919');
INSERT INTO TB_ADD_CUSTOMER VALUES ('2019302','전미래','W','19740812','002-8864-0232');

--------------------------------------------------
-- 포인트 테이블
--------------------------------------------------

DELETE FROM TB_POINT;
INSERT INTO TB_POINT VALUES ('2017042',1,'청소기 구매 포인트 적립',120700,'20181221160803');
INSERT INTO TB_POINT VALUES ('2017042',2,'이벤트 포인트 적립',9500, '20190405121520');
INSERT INTO TB_POINT VALUES ('2017042',3,'냉장고 구매 포인트 적립',78560,'20190612220810');
INSERT INTO TB_POINT VALUES ('2017042',4,'에어컨 구매 포인트 적립',71540,'20190703140913');
INSERT INTO TB_POINT VALUES ('2017053',1,'세탁기 구매 포인트 적립',3500,'20170410201432');
INSERT INTO TB_POINT VALUES ('2017053',2,'드라이기 구매 포인트 적립',2000,'20181216171040');
INSERT INTO TB_POINT VALUES ('2017108',1,'청소기 구매 포인트 적립',14065,'20180412205434');
INSERT INTO TB_POINT VALUES ('2017108',2,'이벤트 포인트 적립',9385,'20180702232143');
INSERT INTO TB_POINT VALUES ('2018087',1,'이벤트 포인트 적립',7800,'20180421161903');
INSERT INTO TB_POINT VALUES ('2018087',2,'냉장고 구매 포인트 적립',10900, '20181112161956');
INSERT INTO TB_POINT VALUES ('2018254',1,'등록 포인트 적립',500,'20180619230805');
INSERT INTO TB_POINT VALUES ('2018254',2,'이벤트 포인트 적립',70,'20180623170212');
INSERT INTO TB_POINT VALUES ('2019001',1,'등록 포인트 적립',500,'20190102120720');
INSERT INTO TB_POINT VALUES ('2019001',2,'믹서기 구매 포인트 적립',4600,'20190405134554');
INSERT INTO TB_POINT VALUES ('2019001',3,'드라이기 구매 포인트 적립',7820,'20190829071234');
INSERT INTO TB_POINT VALUES ('2019069',1,'이벤트 포인트 적립',8900,'20190219120712');
INSERT INTO TB_POINT VALUES ('2019069',2,'면도기 구매 포인트 적립',3200,'20190420090820');
INSERT INTO TB_POINT VALUES ('2019069',3,'전기밥솥 구매 포인트 적립',3220,'20190620071230');
INSERT INTO TB_POINT VALUES ('2019095',1,'등록 포인트 적립',500,'2019031212456');
INSERT INTO TB_POINT VALUES ('2019095',2,'이벤트 포인트 적립',390,'20190510072345');
INSERT INTO TB_POINT VALUES ('2019167',1,'드라이기 구매 포인트 적립',3200,'20190612042450');
INSERT INTO TB_POINT VALUES ('2019167',2,'전기밥솥 구매 포인트 적립',3600,'20190714133422');
INSERT INTO TB_POINT VALUES ('2019281',1,'등록 포인트 적립',500,'20190709201308');
INSERT INTO TB_POINT VALUES ('2019281',2,'청소기 구매 포인트 적립',8950,'20190710200921');
INSERT INTO TB_POINT VALUES ('2019281',3,'냉장고 구매 포인트 적립',12200,'20190712082334');
INSERT INTO TB_POINT VALUES ('2019281',4,'드라이기 구매 포인트 적립',7600,'20190721134421');
INSERT INTO TB_POINT VALUES ('2019281',5,'믹서기 구매 포인트 적립',6250,'20190724022430');

--------------------------------------------------
-- 기타정보 테이블
--------------------------------------------------

DELETE FROM TB_ETC_INFO;
INSERT INTO TB_ETC_INFO VALUES ('2017042','Gang won jin','S01,S05,S06,S09');
INSERT INTO TB_ETC_INFO VALUES ('2017053','Na kyoung suk','S02,S03,S07');
INSERT INTO TB_ETC_INFO VALUES ('2017108','park seung dea','S05,S06,S08');
INSERT INTO TB_ETC_INFO VALUES ('2018087','seo you ri','S03,S06');
INSERT INTO TB_ETC_INFO VALUES ('2018254','lee hye ok','S08');
INSERT INTO TB_ETC_INFO VALUES ('2019001','kim jin suk','S01,S05,S07');
INSERT INTO TB_ETC_INFO VALUES ('2019069','KIM HAN KIL','S03,S06,S07');
INSERT INTO TB_ETC_INFO VALUES ('2019095','NAMKUNG SOMANG','S02,S07,S09');
INSERT INTO TB_ETC_INFO VALUES ('2019167','han chan hee','S01,S07');
INSERT INTO TB_ETC_INFO VALUES ('2019281','lee a rum','S06');


--------------------------------------------------
-- 물품정보 테이블
--------------------------------------------------

DELETE FROM TB_ITEM_INFO;
INSERT INTO TB_ITEM_INFO VALUES ('S01','의류/잡화');
INSERT INTO TB_ITEM_INFO VALUES ('S02','뷰티');
INSERT INTO TB_ITEM_INFO VALUES ('S03','레저/자동차');
INSERT INTO TB_ITEM_INFO VALUES ('S04','식품');
INSERT INTO TB_ITEM_INFO VALUES ('S05','생활/건강');
INSERT INTO TB_ITEM_INFO VALUES ('S06','가구/인테리어');
INSERT INTO TB_ITEM_INFO VALUES ('S07','가전');
INSERT INTO TB_ITEM_INFO VALUES ('S08','도서/취미');
INSERT INTO TB_ITEM_INFO VALUES ('S09','컴퓨터');
INSERT INTO TB_ITEM_INFO VALUES ('S10','브랜드');

--------------------------------------------------
-- 성적 테이블
--------------------------------------------------

DELETE FROM TB_GRADE;
INSERT INTO TB_GRADE VALUES ('A',1,'강원진', 87, 94, 98, 0, 0);
INSERT INTO TB_GRADE VALUES ('A',2,'나경숙', 68, 86, 78, 0, 0);
INSERT INTO TB_GRADE VALUES ('B',1,'박승대', 90, 92, 86, 0, 0);
INSERT INTO TB_GRADE VALUES ('B',2,'서유리', 96, 100, 92, 0, 0);
INSERT INTO TB_GRADE VALUES ('B',3,'이혜옥', 98, 86, 78, 0, 0);
INSERT INTO TB_GRADE VALUES ('C',1,'김진숙', 95, 77, 95, 0, 0);
INSERT INTO TB_GRADE VALUES ('C',2,'김한길', 73, 84, 100, 0, 0);
INSERT INTO TB_GRADE VALUES ('D',1,'남궁소망', 56, 68, 78, 0, 0);
INSERT INTO TB_GRADE VALUES ('D',2,'한찬희', 94, 90, 68, 0, 0);
INSERT INTO TB_GRADE VALUES ('D',3,'이아름', 100, 87, 95, 0, 0);

--------------------------------------------------
-- 7월 성적 테이블
--------------------------------------------------

DELETE FROM TB_GRADE_07;
INSERT INTO TB_GRADE_07 VALUES ('T01', 87, 94, 98);
INSERT INTO TB_GRADE_07 VALUES ('T02', 68, 86, 78);
INSERT INTO TB_GRADE_07 VALUES ('T03', 86, 94, 92);
INSERT INTO TB_GRADE_07 VALUES ('T04', 96, 90, 86);
INSERT INTO TB_GRADE_07 VALUES ('T05', 92, 92, 96);
INSERT INTO TB_GRADE_07 VALUES ('T06', 86, 94, 86);
INSERT INTO TB_GRADE_07 VALUES ('T07', 96, 100, 92);
INSERT INTO TB_GRADE_07 VALUES ('T08', 92, 98, 86);
INSERT INTO TB_GRADE_07 VALUES ('T09', 98, 86, 78);
INSERT INTO TB_GRADE_07 VALUES ('T10', 94, 84, 86);

--------------------------------------------------
-- 8월 성적 테이블
--------------------------------------------------

DELETE FROM TB_GRADE_08;
INSERT INTO TB_GRADE_08 VALUES ('T01', 87, 94, 98);
INSERT INTO TB_GRADE_08 VALUES ('T02', 68, 86, 78);
INSERT INTO TB_GRADE_08 VALUES ('T04', 90, 92, 86);
INSERT INTO TB_GRADE_08 VALUES ('T07', 96, 100, 92);
INSERT INTO TB_GRADE_08 VALUES ('T09', 98, 86, 78);

--------------------------------------------------
-- 9월 성적 테이블
--------------------------------------------------

DELETE FROM TB_GRADE_09;
INSERT INTO TB_GRADE_09 VALUES ('T01', 95, 77, 95);
INSERT INTO TB_GRADE_09 VALUES ('T04', 73, 84, 100);
INSERT INTO TB_GRADE_09 VALUES ('T05', 56, 68, 78);
INSERT INTO TB_GRADE_09 VALUES ('T07', 94, 90, 68);
INSERT INTO TB_GRADE_09 VALUES ('T08', 100, 87, 95);

--------------------------------------------------
-- 반 정보 테이블
--------------------------------------------------

DELETE FROM TB_CLASS_INFO;
INSERT INTO TB_CLASS_INFO VALUES ('A','종합입시반');
INSERT INTO TB_CLASS_INFO VALUES ('B','단과반');
INSERT INTO TB_CLASS_INFO VALUES ('C','대학편입반');
INSERT INTO TB_CLASS_INFO VALUES ('D','일반인반');

--------------------------------------------------
-- 판매 테이블
--------------------------------------------------

DELETE FROM TB_SALES;
INSERT INTO TB_SALES VALUES ('20190801',1,'노트북',1045000, 4);
INSERT INTO TB_SALES VALUES ('20190801',2,'청소기',545000, 2);
INSERT INTO TB_SALES VALUES ('20190801',3,'노트북',1021000, 6);
INSERT INTO TB_SALES VALUES ('20190802',1,'선풍기',70000, 21);
INSERT INTO TB_SALES VALUES ('20190802',2,'냉장고',1870000, 7);
INSERT INTO TB_SALES VALUES ('20190803',1,'선풍기',92000, 32);
INSERT INTO TB_SALES VALUES ('20190803',2,'냉장고',2012000, 3);
INSERT INTO TB_SALES VALUES ('20190803',3,'선풍기',70000, 15);
INSERT INTO TB_SALES VALUES ('20190803',4,'선풍기',92000, 24);
INSERT INTO TB_SALES VALUES ('20190804',1,'청소기',980000, 5);

--------------------------------------------------
-- 열차시각표 테이블
--------------------------------------------------

DELETE FROM TB_TRAIN_TM;
INSERT INTO TB_TRAIN_TM VALUES ('101',1,'서울','092000', '092000');
INSERT INTO TB_TRAIN_TM VALUES ('101',2,'수원','095400', '095600');
INSERT INTO TB_TRAIN_TM VALUES ('101',3,'대전','103800', '104100');
INSERT INTO TB_TRAIN_TM VALUES ('101',4,'대구','112500', '112730');
INSERT INTO TB_TRAIN_TM VALUES ('101',5,'부산','130500', '130500');
INSERT INTO TB_TRAIN_TM VALUES ('103',1,'서울','130800', '130800');
INSERT INTO TB_TRAIN_TM VALUES ('103',2,'대전','142100', '142300');
INSERT INTO TB_TRAIN_TM VALUES ('103',3,'대구','151200', '151430');
INSERT INTO TB_TRAIN_TM VALUES ('103',4,'부산','160400', '160400');
INSERT INTO TB_TRAIN_TM VALUES ('106',1,'부산','083500', '083500');
INSERT INTO TB_TRAIN_TM VALUES ('106',2,'대전','100200', '100530');
INSERT INTO TB_TRAIN_TM VALUES ('106',3,'서울','112800', '112800');

----------------------------------------------------------------------------------------------------
-- 데이터베이스에 반영
----------------------------------------------------------------------------------------------------

COMMIT;
